t,chainSymbol,occSymbol,instrumentId,expiration,dte,strike,type,bid,ask,mark,last,volume,openInterest,impliedVolatility,delta,gamma,theta,vega,rho,underlyingPrice,source
1764399300991,SPY,,3ce9c2b0-6ece-46ea-99e7-61068b08a8b2,2025-12-26,27.711794,400,CALL,,,,,,,,,,,,,,https://api.robinhood.com/options/instruments/?chain_id=c277b118-58d9-4060-8dc5-a3b5898955cb&expiration_dates=2025-12-26&page_size=2000&state=active
1764399300991,SPY,,e5b21771-4d6c-46dc-8cf5-0bd09431f0f8,2025-12-26,27.711794,400,PUT,,,,,,,,,,,,,,https://api.robinhood.com/options/instruments/?chain_id=c277b118-58d9-4060-8dc5-a3b5898955cb&expiration_dates=2025-12-26&page_size=2000&state=active
1764399300991,SPY,,0b832677-e887-43d7-a93e-1f662ca60296,2025-12-26,27.711794,405,CALL,,,,,,,,,,,,,,https://api.robinhood.com/options/instruments/?chain_id=c277b118-58d9-4060-8dc5-a3b5898955cb&expiration_dates=2025-12-26&page_size=2000&state=active
1764399300991,SPY,,8541c029-a7c7-4eec-88b1-dd08e4af499e,2025-12-26,27.711794,405,PUT,,,,,,,,,,,,,,https://api.robinhood.com/options/instruments/?chain_id=c277b118-58d9-4060-8dc5-a3b5898955cb&expiration_dates=2025-12-26&page_size=2000&state=active
1764399300991,SPY,,bdb7aafc-35f6-4d04-b705-28924cf4f203,2025-12-26,27.711794,410,PUT,,,,,,,,,,,,,,https://api.robinhood.com/options/instruments/?chain_id=c277b118-58d9-4060-8dc5-a3b5898955cb&expiration_dates=2025-12-26&page_size=2000&state=active
1764399300991,SPY,,d186cab8-7644-4351-8735-c64913f5d153,2025-12-26,27.711794,410,CALL,,,,,,,,,,,,,,https://api.robinhood.com/options/instruments/?chain_id=c277b118-58d9-4060-8dc5-a3b5898955cb&expiration_dates=2025-12-26&page_size=2000&state=active
1764399300991,SPY,,79b70b45-124c-4dd0-9a2e-9d3e72bed2be,2025-12-26,27.711794,415,PUT,,,,,,,,,,,,,,https://api.robinhood.com/options/instruments/?chain_id=c277b118-58d9-4060-8dc5-a3b5898955cb&expiration_dates=2025-12-26&page_size=2000&state=active
1764399300991,SPY,,c7faa5ca-6a62-4ffe-9577-aa5573386853,2025-12-26,27.711794,415,CALL,,,,,,,,,,,,,,https://api.robinhood.com/options/instruments/?chain_id=c277b118-58d9-4060-8dc5-a3b5898955cb&expiration_dates=2025-12-26&page_size=2000&state=active
1764399300991,SPY,,04a3fe65-d28d-435f-a12b-58589d8d511e,2025-12-26,27.711794,420,CALL,,,,,,,,,,,,,,https://api.robinhood.com/options/instruments/?chain_id=c277b118-58d9-4060-8dc5-a3b5898955cb&expiration_dates=2025-12-26&page_size=2000&state=active
1764399300991,SPY,,8951074a-723f-4922-afde-9d55e9fe1603,2025-12-26,27.711794,420,PUT,,,,,,,,,,,,,,https://api.robinhood.com/options/instruments/?chain_id=c277b118-58d9-4060-8dc5-a3b5898955cb&expiration_dates=2025-12-26&page_size=2000&state=active
1764399300991,SPY,,e66832af-2551-4e6a-8bb3-c5fe8c8e129a,2025-12-26,27.711794,425,CALL,,,,,,,,,,,,,,https://api.robinhood.com/options/instruments/?chain_id=c277b118-58d9-4060-8dc5-a3b5898955cb&expiration_dates=2025-12-26&page_size=2000&state=active
1764399300991,SPY,,eb2f6b89-2f6c-46b5-985e-769ece0b7d51,2025-12-26,27.711794,425,PUT,,,,,,,,,,,,,,https://api.robinhood.com/options/instruments/?chain_id=c277b118-58d9-4060-8dc5-a3b5898955cb&expiration_dates=2025-12-26&page_size=2000&state=active
1764399300991,SPY,,5ba2dd68-7ba2-45a7-80c0-8c2b3fda7c8a,2025-12-26,27.711794,430,CALL,,,,,,,,,,,,,,https://api.robinhood.com/options/instruments/?chain_id=c277b118-58d9-4060-8dc5-a3b5898955cb&expiration_dates=2025-12-26&page_size=2000&state=active
1764399300991,SPY,,ca7610ab-e3a4-4670-b5d7-af983e1a2f85,2025-12-26,27.711794,430,PUT,,,,,,,,,,,,,,https://api.robinhood.com/options/instruments/?chain_id=c277b118-58d9-4060-8dc5-a3b5898955cb&expiration_dates=2025-12-26&page_size=2000&state=active
1764399300991,SPY,,46338e8b-bf4b-45b8-8061-5a2421d2d7d2,2025-12-26,27.711794,435,CALL,,,,,,,,,,,,,,https://api.robinhood.com/options/instruments/?chain_id=c277b118-58d9-4060-8dc5-a3b5898955cb&expiration_dates=2025-12-26&page_size=2000&state=active
1764399300991,SPY,,7e9943ac-6d6a-4543-862b-cc4452a73248,2025-12-26,27.711794,435,PUT,,,,,,,,,,,,,,https://api.robinhood.com/options/instruments/?chain_id=c277b118-58d9-4060-8dc5-a3b5898955cb&expiration_dates=2025-12-26&page_size=2000&state=active
1764399300991,SPY,,7033c5fd-1289-4a25-96e8-fd21c265050a,2025-12-26,27.711794,440,PUT,,,,,,,,,,,,,,https://api.robinhood.com/options/instruments/?chain_id=c277b118-58d9-4060-8dc5-a3b5898955cb&expiration_dates=2025-12-26&page_size=2000&state=active
1764399300991,SPY,,a8fbaa05-b612-4a4c-bc40-85032f3c404a,2025-12-26,27.711794,440,CALL,,,,,,,,,,,,,,https://api.robinhood.com/options/instruments/?chain_id=c277b118-58d9-4060-8dc5-a3b5898955cb&expiration_dates=2025-12-26&page_size=2000&state=active
1764399300991,SPY,,adb432bc-b826-4fbe-8b86-73d280ea09cf,2025-12-26,27.711794,445,PUT,,,,,,,,,,,,,,https://api.robinhood.com/options/instruments/?chain_id=c277b118-58d9-4060-8dc5-a3b5898955cb&expiration_dates=2025-12-26&page_size=2000&state=active
1764399300991,SPY,,c9007290-052b-4784-8160-6d48af0b749f,2025-12-26,27.711794,445,CALL,,,,,,,,,,,,,,https://api.robinhood.com/options/instruments/?chain_id=c277b118-58d9-4060-8dc5-a3b5898955cb&expiration_dates=2025-12-26&page_size=2000&state=active
1764399300991,SPY,,a8e71137-0701-4a57-8f75-503d0df358c4,2025-12-26,27.711794,450,CALL,,,,,,,,,,,,,,https://api.robinhood.com/options/instruments/?chain_id=c277b118-58d9-4060-8dc5-a3b5898955cb&expiration_dates=2025-12-26&page_size=2000&state=active
1764399300991,SPY,,ba24e674-333d-4a9c-922d-4570f9ad684d,2025-12-26,27.711794,450,PUT,,,,,,,,,,,,,,https://api.robinhood.com/options/instruments/?chain_id=c277b118-58d9-4060-8dc5-a3b5898955cb&expiration_dates=2025-12-26&page_size=2000&state=active
1764399300991,SPY,,8b2c6f53-f34c-4f39-9cfa-044842ca525f,2025-12-26,27.711794,455,PUT,,,,,,,,,,,,,,https://api.robinhood.com/options/instruments/?chain_id=c277b118-58d9-4060-8dc5-a3b5898955cb&expiration_dates=2025-12-26&page_size=2000&state=active
1764399300991,SPY,,944d510c-7408-46be-932e-d3cc68d5c5e0,2025-12-26,27.711794,455,CALL,,,,,,,,,,,,,,https://api.robinhood.com/options/instruments/?chain_id=c277b118-58d9-4060-8dc5-a3b5898955cb&expiration_dates=2025-12-26&page_size=2000&state=active
1764399300991,SPY,,8e862b07-3bbc-4246-8a73-ea11ac06e862,2025-12-26,27.711794,460,CALL,,,,,,,,,,,,,,https://api.robinhood.com/options/instruments/?chain_id=c277b118-58d9-4060-8dc5-a3b5898955cb&expiration_dates=2025-12-26&page_size=2000&state=active
1764399300991,SPY,,93ace59e-b4cf-4997-b1c1-e29cf7cfdbe0,2025-12-26,27.711794,460,PUT,,,,,,,,,,,,,,https://api.robinhood.com/options/instruments/?chain_id=c277b118-58d9-4060-8dc5-a3b5898955cb&expiration_dates=2025-12-26&page_size=2000&state=active
1764399300991,SPY,,a970e2f1-f93f-4546-9093-1f6438aedaec,2025-12-26,27.711794,465,PUT,,,,,,,,,,,,,,https://api.robinhood.com/options/instruments/?chain_id=c277b118-58d9-4060-8dc5-a3b5898955cb&expiration_dates=2025-12-26&page_size=2000&state=active
1764399300991,SPY,,e06177dc-bc80-4055-97e3-ee4488898b2f,2025-12-26,27.711794,465,CALL,,,,,,,,,,,,,,https://api.robinhood.com/options/instruments/?chain_id=c277b118-58d9-4060-8dc5-a3b5898955cb&expiration_dates=2025-12-26&page_size=2000&state=active
1764399300991,SPY,,57773572-6eb4-4f8d-a3b1-8b6532cc5620,2025-12-26,27.711794,470,CALL,,,,,,,,,,,,,,https://api.robinhood.com/options/instruments/?chain_id=c277b118-58d9-4060-8dc5-a3b5898955cb&expiration_dates=2025-12-26&page_size=2000&state=active
1764399300991,SPY,,8f7a574a-5152-4799-9c5d-2fa58b6b566e,2025-12-26,27.711794,470,PUT,,,,,,,,,,,,,,https://api.robinhood.com/options/instruments/?chain_id=c277b118-58d9-4060-8dc5-a3b5898955cb&expiration_dates=2025-12-26&page_size=2000&state=active
1764399300991,SPY,,136c69e4-d5e5-49c4-98a0-5699246e7640,2025-12-26,27.711794,475,PUT,,,,,,,,,,,,,,https://api.robinhood.com/options/instruments/?chain_id=c277b118-58d9-4060-8dc5-a3b5898955cb&expiration_dates=2025-12-26&page_size=2000&state=active
1764399300991,SPY,,d794e0da-eac8-4657-a1ea-c7c08c0c673b,2025-12-26,27.711794,475,CALL,,,,,,,,,,,,,,https://api.robinhood.com/options/instruments/?chain_id=c277b118-58d9-4060-8dc5-a3b5898955cb&expiration_dates=2025-12-26&page_size=2000&state=active
1764399300991,SPY,,48a5fcdb-338f-4bb5-8a4f-d4673b74f985,2025-12-26,27.711794,480,CALL,,,,,,,,,,,,,,https://api.robinhood.com/options/instruments/?chain_id=c277b118-58d9-4060-8dc5-a3b5898955cb&expiration_dates=2025-12-26&page_size=2000&state=active
1764399300991,SPY,,ab9c897b-f332-4f3c-8c8a-a28b64ceaba8,2025-12-26,27.711794,480,PUT,,,,,,,,,,,,,,https://api.robinhood.com/options/instruments/?chain_id=c277b118-58d9-4060-8dc5-a3b5898955cb&expiration_dates=2025-12-26&page_size=2000&state=active
1764399300991,SPY,,e4efff5f-da6a-41ed-b29a-fd035303c241,2025-12-26,27.711794,485,PUT,,,,,,,,,,,,,,https://api.robinhood.com/options/instruments/?chain_id=c277b118-58d9-4060-8dc5-a3b5898955cb&expiration_dates=2025-12-26&page_size=2000&state=active
1764399300991,SPY,,e7857ffa-35ec-483f-8511-c35b87b71a45,2025-12-26,27.711794,485,CALL,,,,,,,,,,,,,,https://api.robinhood.com/options/instruments/?chain_id=c277b118-58d9-4060-8dc5-a3b5898955cb&expiration_dates=2025-12-26&page_size=2000&state=active
1764399300991,SPY,,7ca9a97b-7594-4969-831e-bdd92f5f6f42,2025-12-26,27.711794,490,CALL,,,,,,,,,,,,,,https://api.robinhood.com/options/instruments/?chain_id=c277b118-58d9-4060-8dc5-a3b5898955cb&expiration_dates=2025-12-26&page_size=2000&state=active
1764399300991,SPY,,df1d4b8d-1b03-4acf-bebd-5afcfe4ad364,2025-12-26,27.711794,490,PUT,,,,,,,,,,,,,,https://api.robinhood.com/options/instruments/?chain_id=c277b118-58d9-4060-8dc5-a3b5898955cb&expiration_dates=2025-12-26&page_size=2000&state=active
1764399300991,SPY,,5a54a331-37a7-4d15-89ff-669c48a71ec8,2025-12-26,27.711794,495,CALL,,,,,,,,,,,,,,https://api.robinhood.com/options/instruments/?chain_id=c277b118-58d9-4060-8dc5-a3b5898955cb&expiration_dates=2025-12-26&page_size=2000&state=active
1764399300991,SPY,,817932fb-83d4-4fa1-81d9-bf396421fc86,2025-12-26,27.711794,495,PUT,,,,,,,,,,,,,,https://api.robinhood.com/options/instruments/?chain_id=c277b118-58d9-4060-8dc5-a3b5898955cb&expiration_dates=2025-12-26&page_size=2000&state=active
1764399300991,SPY,,0b5bd661-b36d-4990-b58b-7300f26c26eb,2025-12-26,27.711794,500,CALL,,,,,,,,,,,,,,https://api.robinhood.com/options/instruments/?chain_id=c277b118-58d9-4060-8dc5-a3b5898955cb&expiration_dates=2025-12-26&page_size=2000&state=active
1764399300991,SPY,,d0104de0-a1cf-4f6f-a962-869998c89628,2025-12-26,27.711794,500,PUT,,,,,,,,,,,,,,https://api.robinhood.com/options/instruments/?chain_id=c277b118-58d9-4060-8dc5-a3b5898955cb&expiration_dates=2025-12-26&page_size=2000&state=active
1764399300991,SPY,,7a2e56a3-8496-4629-b973-96d3ca945f4f,2025-12-26,27.711794,505,PUT,,,,,,,,,,,,,,https://api.robinhood.com/options/instruments/?chain_id=c277b118-58d9-4060-8dc5-a3b5898955cb&expiration_dates=2025-12-26&page_size=2000&state=active
1764399300991,SPY,,ebbde013-ea78-4417-b089-5cddc9e14041,2025-12-26,27.711794,505,CALL,,,,,,,,,,,,,,https://api.robinhood.com/options/instruments/?chain_id=c277b118-58d9-4060-8dc5-a3b5898955cb&expiration_dates=2025-12-26&page_size=2000&state=active
1764399300991,SPY,,64806a59-cbd9-4fec-aafa-56dc54c08cba,2025-12-26,27.711794,510,CALL,,,,,,,,,,,,,,https://api.robinhood.com/options/instruments/?chain_id=c277b118-58d9-4060-8dc5-a3b5898955cb&expiration_dates=2025-12-26&page_size=2000&state=active
1764399300991,SPY,,ff936ef5-15e3-4f94-bea3-ab7715e2a55d,2025-12-26,27.711794,510,PUT,,,,,,,,,,,,,,https://api.robinhood.com/options/instruments/?chain_id=c277b118-58d9-4060-8dc5-a3b5898955cb&expiration_dates=2025-12-26&page_size=2000&state=active
1764399300991,SPY,,5e406686-bcc7-4727-b4fa-00876cde7bd7,2025-12-26,27.711794,515,PUT,,,,,,,,,,,,,,https://api.robinhood.com/options/instruments/?chain_id=c277b118-58d9-4060-8dc5-a3b5898955cb&expiration_dates=2025-12-26&page_size=2000&state=active
1764399300991,SPY,,7552a54f-d0d2-41bb-896f-26753a1b42d0,2025-12-26,27.711794,515,CALL,,,,,,,,,,,,,,https://api.robinhood.com/options/instruments/?chain_id=c277b118-58d9-4060-8dc5-a3b5898955cb&expiration_dates=2025-12-26&page_size=2000&state=active
1764399300991,SPY,,06d3be0d-85aa-4b54-8d74-55f2fcf1bcc0,2025-12-26,27.711794,520,PUT,,,,,,,,,,,,,,https://api.robinhood.com/options/instruments/?chain_id=c277b118-58d9-4060-8dc5-a3b5898955cb&expiration_dates=2025-12-26&page_size=2000&state=active
1764399300991,SPY,,73c210b9-242a-4201-9d7d-a81beb2fc814,2025-12-26,27.711794,520,CALL,,,,,,,,,,,,,,https://api.robinhood.com/options/instruments/?chain_id=c277b118-58d9-4060-8dc5-a3b5898955cb&expiration_dates=2025-12-26&page_size=2000&state=active
1764399300991,SPY,,4f631d6c-8758-4d27-bb04-3fc241df083d,2025-12-26,27.711794,525,CALL,,,,,,,,,,,,,,https://api.robinhood.com/options/instruments/?chain_id=c277b118-58d9-4060-8dc5-a3b5898955cb&expiration_dates=2025-12-26&page_size=2000&state=active
1764399300991,SPY,,68d30078-48a7-41a8-a486-12110cde667f,2025-12-26,27.711794,525,PUT,,,,,,,,,,,,,,https://api.robinhood.com/options/instruments/?chain_id=c277b118-58d9-4060-8dc5-a3b5898955cb&expiration_dates=2025-12-26&page_size=2000&state=active
1764399300991,SPY,,b6ebee8a-39da-4523-a6dd-9fa39c99e523,2025-12-26,27.711794,530,CALL,,,,,,,,,,,,,,https://api.robinhood.com/options/instruments/?chain_id=c277b118-58d9-4060-8dc5-a3b5898955cb&expiration_dates=2025-12-26&page_size=2000&state=active
1764399300991,SPY,,e6a6968c-cd78-4925-8307-5771b3c0b384,2025-12-26,27.711794,530,PUT,,,,,,,,,,,,,,https://api.robinhood.com/options/instruments/?chain_id=c277b118-58d9-4060-8dc5-a3b5898955cb&expiration_dates=2025-12-26&page_size=2000&state=active
1764399300991,SPY,,8014eab6-9e53-45b6-9a46-05e4ee346b1e,2025-12-26,27.711794,535,CALL,,,,,,,,,,,,,,https://api.robinhood.com/options/instruments/?chain_id=c277b118-58d9-4060-8dc5-a3b5898955cb&expiration_dates=2025-12-26&page_size=2000&state=active
1764399300991,SPY,,c72e2b9a-b63e-4f0e-b9e4-1145422bd225,2025-12-26,27.711794,535,PUT,,,,,,,,,,,,,,https://api.robinhood.com/options/instruments/?chain_id=c277b118-58d9-4060-8dc5-a3b5898955cb&expiration_dates=2025-12-26&page_size=2000&state=active
1764399300991,SPY,,156b4037-26fd-4cd6-87b1-6f8e4aec36a5,2025-12-26,27.711794,540,PUT,,,,,,,,,,,,,,https://api.robinhood.com/options/instruments/?chain_id=c277b118-58d9-4060-8dc5-a3b5898955cb&expiration_dates=2025-12-26&page_size=2000&state=active
1764399300991,SPY,,fd06d559-52c0-4ef1-bd68-36215ec7b197,2025-12-26,27.711794,540,CALL,,,,,,,,,,,,,,https://api.robinhood.com/options/instruments/?chain_id=c277b118-58d9-4060-8dc5-a3b5898955cb&expiration_dates=2025-12-26&page_size=2000&state=active
1764399300991,SPY,,00edfcfd-04fa-467d-ad04-f852018d07df,2025-12-26,27.711794,545,PUT,,,,,,,,,,,,,,https://api.robinhood.com/options/instruments/?chain_id=c277b118-58d9-4060-8dc5-a3b5898955cb&expiration_dates=2025-12-26&page_size=2000&state=active
1764399300991,SPY,,1e95381e-40a4-4298-af15-f1cc8a5eb985,2025-12-26,27.711794,545,CALL,,,,,,,,,,,,,,https://api.robinhood.com/options/instruments/?chain_id=c277b118-58d9-4060-8dc5-a3b5898955cb&expiration_dates=2025-12-26&page_size=2000&state=active
1764399300991,SPY,,2eabd742-ce42-4d7f-b21e-8c5850923884,2025-12-26,27.711794,550,PUT,,,,,,,,,,,,,,https://api.robinhood.com/options/instruments/?chain_id=c277b118-58d9-4060-8dc5-a3b5898955cb&expiration_dates=2025-12-26&page_size=2000&state=active
1764399300991,SPY,,7256fa50-6f48-4c7f-8160-323457553f7a,2025-12-26,27.711794,550,CALL,,,,,,,,,,,,,,https://api.robinhood.com/options/instruments/?chain_id=c277b118-58d9-4060-8dc5-a3b5898955cb&expiration_dates=2025-12-26&page_size=2000&state=active
1764399300991,SPY,,7a2b8adc-5335-4fc2-bae1-e9ec0ca894d7,2025-12-26,27.711794,555,CALL,,,,,,,,,,,,,,https://api.robinhood.com/options/instruments/?chain_id=c277b118-58d9-4060-8dc5-a3b5898955cb&expiration_dates=2025-12-26&page_size=2000&state=active
1764399300991,SPY,,a3c598b9-0163-40bc-a876-d06e11f659da,2025-12-26,27.711794,555,PUT,,,,,,,,,,,,,,https://api.robinhood.com/options/instruments/?chain_id=c277b118-58d9-4060-8dc5-a3b5898955cb&expiration_dates=2025-12-26&page_size=2000&state=active
1764399300991,SPY,,886a4bcd-fb78-4e5c-b823-ba6aa2d76d13,2025-12-26,27.711794,560,PUT,,,,,,,,,,,,,,https://api.robinhood.com/options/instruments/?chain_id=c277b118-58d9-4060-8dc5-a3b5898955cb&expiration_dates=2025-12-26&page_size=2000&state=active
1764399300991,SPY,,aec530ec-4b86-4e17-9642-1ae20a5426b0,2025-12-26,27.711794,560,CALL,,,,,,,,,,,,,,https://api.robinhood.com/options/instruments/?chain_id=c277b118-58d9-4060-8dc5-a3b5898955cb&expiration_dates=2025-12-26&page_size=2000&state=active
1764399300991,SPY,,92479bf4-a608-4c70-a8af-36237cb21604,2025-12-26,27.711794,565,CALL,,,,,,,,,,,,,,https://api.robinhood.com/options/instruments/?chain_id=c277b118-58d9-4060-8dc5-a3b5898955cb&expiration_dates=2025-12-26&page_size=2000&state=active
1764399300991,SPY,,9dee0946-ad78-4585-ae04-1d7490c41a68,2025-12-26,27.711794,565,PUT,,,,,,,,,,,,,,https://api.robinhood.com/options/instruments/?chain_id=c277b118-58d9-4060-8dc5-a3b5898955cb&expiration_dates=2025-12-26&page_size=2000&state=active
1764399300991,SPY,,430f104b-b081-41ea-89d3-ee41fb425e76,2025-12-26,27.711794,570,CALL,,,,,,,,,,,,,,https://api.robinhood.com/options/instruments/?chain_id=c277b118-58d9-4060-8dc5-a3b5898955cb&expiration_dates=2025-12-26&page_size=2000&state=active
1764399300991,SPY,,e46ae0a2-1c45-4ef2-8bb2-824f1138c74a,2025-12-26,27.711794,570,PUT,,,,,,,,,,,,,,https://api.robinhood.com/options/instruments/?chain_id=c277b118-58d9-4060-8dc5-a3b5898955cb&expiration_dates=2025-12-26&page_size=2000&state=active
1764399300991,SPY,,d216c4a7-3506-47f1-ae5f-7bd245d1fee0,2025-12-26,27.711794,575,PUT,,,,,,,,,,,,,,https://api.robinhood.com/options/instruments/?chain_id=c277b118-58d9-4060-8dc5-a3b5898955cb&expiration_dates=2025-12-26&page_size=2000&state=active
1764399300991,SPY,,ed99f6fa-66cf-4f40-9a0b-e2b3d8d6b3a8,2025-12-26,27.711794,575,CALL,,,,,,,,,,,,,,https://api.robinhood.com/options/instruments/?chain_id=c277b118-58d9-4060-8dc5-a3b5898955cb&expiration_dates=2025-12-26&page_size=2000&state=active
1764399300991,SPY,,5daad4d6-a540-485b-8610-7278d66e3d99,2025-12-26,27.711794,580,CALL,,,,,,,,,,,,,,https://api.robinhood.com/options/instruments/?chain_id=c277b118-58d9-4060-8dc5-a3b5898955cb&expiration_dates=2025-12-26&page_size=2000&state=active
1764399300991,SPY,,6e3bb362-3f19-4b28-b60c-a336185d22a8,2025-12-26,27.711794,580,PUT,,,,,,,,,,,,,,https://api.robinhood.com/options/instruments/?chain_id=c277b118-58d9-4060-8dc5-a3b5898955cb&expiration_dates=2025-12-26&page_size=2000&state=active
1764399300991,SPY,,87435744-5abb-47ed-91a1-8fc7aa3f79b5,2025-12-26,27.711794,585,PUT,,,,,,,,,,,,,,https://api.robinhood.com/options/instruments/?chain_id=c277b118-58d9-4060-8dc5-a3b5898955cb&expiration_dates=2025-12-26&page_size=2000&state=active
1764399300991,SPY,,d7847460-6675-4063-9ae4-30621d4d7162,2025-12-26,27.711794,585,CALL,,,,,,,,,,,,,,https://api.robinhood.com/options/instruments/?chain_id=c277b118-58d9-4060-8dc5-a3b5898955cb&expiration_dates=2025-12-26&page_size=2000&state=active
1764399300991,SPY,,7babff2f-dbd0-42dc-8869-f8fd9a105eed,2025-12-26,27.711794,590,CALL,,,,,,,,,,,,,,https://api.robinhood.com/options/instruments/?chain_id=c277b118-58d9-4060-8dc5-a3b5898955cb&expiration_dates=2025-12-26&page_size=2000&state=active
1764399300991,SPY,,ee7c2d76-346c-45cb-abd3-79bc5c9c31f5,2025-12-26,27.711794,590,PUT,,,,,,,,,,,,,,https://api.robinhood.com/options/instruments/?chain_id=c277b118-58d9-4060-8dc5-a3b5898955cb&expiration_dates=2025-12-26&page_size=2000&state=active
1764399300991,SPY,,54724d59-fc1b-4b5e-8c44-d9b9bf51fc99,2025-12-26,27.711794,595,PUT,,,,,,,,,,,,,,https://api.robinhood.com/options/instruments/?chain_id=c277b118-58d9-4060-8dc5-a3b5898955cb&expiration_dates=2025-12-26&page_size=2000&state=active
1764399300991,SPY,,b0302fd8-1b3e-4b8f-8899-9fd883575608,2025-12-26,27.711794,595,CALL,,,,,,,,,,,,,,https://api.robinhood.com/options/instruments/?chain_id=c277b118-58d9-4060-8dc5-a3b5898955cb&expiration_dates=2025-12-26&page_size=2000&state=active
1764399300991,SPY,,d55c80d1-93de-4ee5-946d-aead7d278cd5,2025-12-26,27.711794,600,PUT,,,,,,,,,,,,,,https://api.robinhood.com/options/instruments/?chain_id=c277b118-58d9-4060-8dc5-a3b5898955cb&expiration_dates=2025-12-26&page_size=2000&state=active
1764399300991,SPY,,ddc3ac73-65e6-46b2-b8f2-77807ad4d6cf,2025-12-26,27.711794,600,CALL,,,,,,,,,,,,,,https://api.robinhood.com/options/instruments/?chain_id=c277b118-58d9-4060-8dc5-a3b5898955cb&expiration_dates=2025-12-26&page_size=2000&state=active
1764399300991,SPY,,707de6a5-dc04-43a5-b39d-d892f9262690,2025-12-26,27.711794,605,CALL,,,,,,,,,,,,,,https://api.robinhood.com/options/instruments/?chain_id=c277b118-58d9-4060-8dc5-a3b5898955cb&expiration_dates=2025-12-26&page_size=2000&state=active
1764399300991,SPY,,a078311a-c439-4f56-abc1-3a29bca27aa3,2025-12-26,27.711794,605,PUT,,,,,,,,,,,,,,https://api.robinhood.com/options/instruments/?chain_id=c277b118-58d9-4060-8dc5-a3b5898955cb&expiration_dates=2025-12-26&page_size=2000&state=active
1764399300991,SPY,,04b43b81-6141-4cf9-b84a-d2d3aded480b,2025-12-26,27.711794,610,PUT,,,,,,,,,,,,,,https://api.robinhood.com/options/instruments/?chain_id=c277b118-58d9-4060-8dc5-a3b5898955cb&expiration_dates=2025-12-26&page_size=2000&state=active
1764399300991,SPY,,3424f822-3a47-4b15-913e-28dcb14a3ddd,2025-12-26,27.711794,610,CALL,,,,,,,,,,,,,,https://api.robinhood.com/options/instruments/?chain_id=c277b118-58d9-4060-8dc5-a3b5898955cb&expiration_dates=2025-12-26&page_size=2000&state=active
1764399300991,SPY,,550772cc-5ae4-4286-8208-de96cc7477ee,2025-12-26,27.711794,615,PUT,,,,,,,,,,,,,,https://api.robinhood.com/options/instruments/?chain_id=c277b118-58d9-4060-8dc5-a3b5898955cb&expiration_dates=2025-12-26&page_size=2000&state=active
1764399300991,SPY,,e46ec6a5-4f0a-461d-834c-7ad4d803cc83,2025-12-26,27.711794,615,CALL,,,,,,,,,,,,,,https://api.robinhood.com/options/instruments/?chain_id=c277b118-58d9-4060-8dc5-a3b5898955cb&expiration_dates=2025-12-26&page_size=2000&state=active
1764399300991,SPY,,0da7cfa7-a206-411b-a34a-23ccb9e09e6a,2025-12-26,27.711794,620,CALL,,,,,,,,,,,,,,https://api.robinhood.com/options/instruments/?chain_id=c277b118-58d9-4060-8dc5-a3b5898955cb&expiration_dates=2025-12-26&page_size=2000&state=active
1764399300991,SPY,,7340620a-69d6-4b86-b275-ab174c21760a,2025-12-26,27.711794,620,PUT,,,,,,,,,,,,,,https://api.robinhood.com/options/instruments/?chain_id=c277b118-58d9-4060-8dc5-a3b5898955cb&expiration_dates=2025-12-26&page_size=2000&state=active
1764399300991,SPY,,9a293a59-8347-454c-adb9-9b8cb8459908,2025-12-26,27.711794,625,PUT,,,,,,,,,,,,,,https://api.robinhood.com/options/instruments/?chain_id=c277b118-58d9-4060-8dc5-a3b5898955cb&expiration_dates=2025-12-26&page_size=2000&state=active
1764399300991,SPY,,a67d9c05-599f-4b17-9b03-3f80d60b773b,2025-12-26,27.711794,625,CALL,,,,,,,,,,,,,,https://api.robinhood.com/options/instruments/?chain_id=c277b118-58d9-4060-8dc5-a3b5898955cb&expiration_dates=2025-12-26&page_size=2000&state=active
1764399300991,SPY,,ce6f89fe-4979-478a-9d51-2dc003255ca2,2025-12-26,27.711794,630,CALL,,,,,,,,,,,,,,https://api.robinhood.com/options/instruments/?chain_id=c277b118-58d9-4060-8dc5-a3b5898955cb&expiration_dates=2025-12-26&page_size=2000&state=active
1764399300991,SPY,,e6d09004-e3f0-4b21-8f08-3226d3856d84,2025-12-26,27.711794,630,PUT,,,,,,,,,,,,,,https://api.robinhood.com/options/instruments/?chain_id=c277b118-58d9-4060-8dc5-a3b5898955cb&expiration_dates=2025-12-26&page_size=2000&state=active
1764399300991,SPY,,2525c6a3-9ef7-43c9-80d4-15f5503f65ee,2025-12-26,27.711794,635,PUT,,,,,,,,,,,,,,https://api.robinhood.com/options/instruments/?chain_id=c277b118-58d9-4060-8dc5-a3b5898955cb&expiration_dates=2025-12-26&page_size=2000&state=active
1764399300991,SPY,,c54bd835-01eb-43e0-a056-dbb1972c73a3,2025-12-26,27.711794,635,CALL,,,,,,,,,,,,,,https://api.robinhood.com/options/instruments/?chain_id=c277b118-58d9-4060-8dc5-a3b5898955cb&expiration_dates=2025-12-26&page_size=2000&state=active
1764399300991,SPY,,63dfa4e6-9f56-4ce9-b6b7-079af71e3801,2025-12-26,27.711794,640,PUT,,,,,,,,,,,,,,https://api.robinhood.com/options/instruments/?chain_id=c277b118-58d9-4060-8dc5-a3b5898955cb&expiration_dates=2025-12-26&page_size=2000&state=active
1764399300991,SPY,,8d4971ed-fa5c-470c-8b5f-696ff2131d4a,2025-12-26,27.711794,640,CALL,,,,,,,,,,,,,,https://api.robinhood.com/options/instruments/?chain_id=c277b118-58d9-4060-8dc5-a3b5898955cb&expiration_dates=2025-12-26&page_size=2000&state=active
1764399300991,SPY,,4da44833-2446-4568-a735-8775d20e2514,2025-12-26,27.711794,645,CALL,,,,,,,,,,,,,,https://api.robinhood.com/options/instruments/?chain_id=c277b118-58d9-4060-8dc5-a3b5898955cb&expiration_dates=2025-12-26&page_size=2000&state=active
1764399300991,SPY,,63a720f7-ae5c-4759-9b61-b395a554cdbb,2025-12-26,27.711794,645,PUT,,,,,,,,,,,,,,https://api.robinhood.com/options/instruments/?chain_id=c277b118-58d9-4060-8dc5-a3b5898955cb&expiration_dates=2025-12-26&page_size=2000&state=active
1764399300991,SPY,,20c0cf1d-567a-4e8e-aa01-8e097b63ad61,2025-12-26,27.711794,648,PUT,,,,,,,,,,,,,,https://api.robinhood.com/options/instruments/?chain_id=c277b118-58d9-4060-8dc5-a3b5898955cb&expiration_dates=2025-12-26&page_size=2000&state=active
1764399300991,SPY,,db90746b-2c8c-402f-9ad9-308f425be750,2025-12-26,27.711794,648,CALL,,,,,,,,,,,,,,https://api.robinhood.com/options/instruments/?chain_id=c277b118-58d9-4060-8dc5-a3b5898955cb&expiration_dates=2025-12-26&page_size=2000&state=active
1764399300991,SPY,,033e204b-3f55-4981-8b42-a6187a007c48,2025-12-26,27.711794,649,PUT,,,,,,,,,,,,,,https://api.robinhood.com/options/instruments/?chain_id=c277b118-58d9-4060-8dc5-a3b5898955cb&expiration_dates=2025-12-26&page_size=2000&state=active
1764399300991,SPY,,ceb25cd8-886b-465c-b0eb-d643c852332d,2025-12-26,27.711794,649,CALL,,,,,,,,,,,,,,https://api.robinhood.com/options/instruments/?chain_id=c277b118-58d9-4060-8dc5-a3b5898955cb&expiration_dates=2025-12-26&page_size=2000&state=active
1764399300991,SPY,,59d077d1-8408-4da1-abe2-f843d298642e,2025-12-26,27.711794,650,PUT,,,,,,,,,,,,,,https://api.robinhood.com/options/instruments/?chain_id=c277b118-58d9-4060-8dc5-a3b5898955cb&expiration_dates=2025-12-26&page_size=2000&state=active
1764399300991,SPY,,75f635f2-b560-417a-8293-715c64342eb2,2025-12-26,27.711794,650,CALL,,,,,,,,,,,,,,https://api.robinhood.com/options/instruments/?chain_id=c277b118-58d9-4060-8dc5-a3b5898955cb&expiration_dates=2025-12-26&page_size=2000&state=active
1764399300991,SPY,,5a7353be-4258-489a-bbbd-22eefd70f59b,2025-12-26,27.711794,651,CALL,,,,,,,,,,,,,,https://api.robinhood.com/options/instruments/?chain_id=c277b118-58d9-4060-8dc5-a3b5898955cb&expiration_dates=2025-12-26&page_size=2000&state=active
1764399300991,SPY,,c6bcd2b9-ee83-42bf-946b-12d0df0d8c47,2025-12-26,27.711794,651,PUT,,,,,,,,,,,,,,https://api.robinhood.com/options/instruments/?chain_id=c277b118-58d9-4060-8dc5-a3b5898955cb&expiration_dates=2025-12-26&page_size=2000&state=active
1764399300991,SPY,,33ce3028-7dda-4598-a665-e54f49d5ae47,2025-12-26,27.711794,652,CALL,,,,,,,,,,,,,,https://api.robinhood.com/options/instruments/?chain_id=c277b118-58d9-4060-8dc5-a3b5898955cb&expiration_dates=2025-12-26&page_size=2000&state=active
1764399300991,SPY,,a6c028f7-a511-41d2-9a82-7c75ba06eeaa,2025-12-26,27.711794,652,PUT,,,,,,,,,,,,,,https://api.robinhood.com/options/instruments/?chain_id=c277b118-58d9-4060-8dc5-a3b5898955cb&expiration_dates=2025-12-26&page_size=2000&state=active
1764399300991,SPY,,3c1ac7f8-9f3f-4604-a55b-a86de3a7611c,2025-12-26,27.711794,653,CALL,,,,,,,,,,,,,,https://api.robinhood.com/options/instruments/?chain_id=c277b118-58d9-4060-8dc5-a3b5898955cb&expiration_dates=2025-12-26&page_size=2000&state=active
1764399300991,SPY,,c2f6e360-0391-48a9-a73f-d994bc5b5ea9,2025-12-26,27.711794,653,PUT,,,,,,,,,,,,,,https://api.robinhood.com/options/instruments/?chain_id=c277b118-58d9-4060-8dc5-a3b5898955cb&expiration_dates=2025-12-26&page_size=2000&state=active
1764399300991,SPY,,c3c9574d-9f28-4c15-8310-0f07184105d6,2025-12-26,27.711794,654,PUT,,,,,,,,,,,,,,https://api.robinhood.com/options/instruments/?chain_id=c277b118-58d9-4060-8dc5-a3b5898955cb&expiration_dates=2025-12-26&page_size=2000&state=active
1764399300991,SPY,,e6295fc6-6808-43a4-8698-a73a869cf8ab,2025-12-26,27.711794,654,CALL,,,,,,,,,,,,,,https://api.robinhood.com/options/instruments/?chain_id=c277b118-58d9-4060-8dc5-a3b5898955cb&expiration_dates=2025-12-26&page_size=2000&state=active
1764399300991,SPY,,4e376258-5f9d-4451-b7f5-1fe69b48d6d9,2025-12-26,27.711794,655,CALL,,,,,,,,,,,,,,https://api.robinhood.com/options/instruments/?chain_id=c277b118-58d9-4060-8dc5-a3b5898955cb&expiration_dates=2025-12-26&page_size=2000&state=active
1764399300991,SPY,,60ff2ff5-7a04-4670-a348-8f5aab1d002e,2025-12-26,27.711794,655,PUT,,,,,,,,,,,,,,https://api.robinhood.com/options/instruments/?chain_id=c277b118-58d9-4060-8dc5-a3b5898955cb&expiration_dates=2025-12-26&page_size=2000&state=active
1764399300991,SPY,,bc4158d6-94f9-4a14-8691-848009cb4720,2025-12-26,27.711794,656,CALL,,,,,,,,,,,,,,https://api.robinhood.com/options/instruments/?chain_id=c277b118-58d9-4060-8dc5-a3b5898955cb&expiration_dates=2025-12-26&page_size=2000&state=active
1764399300991,SPY,,f0aebf9a-0c27-41f3-9e24-29463595333f,2025-12-26,27.711794,656,PUT,,,,,,,,,,,,,,https://api.robinhood.com/options/instruments/?chain_id=c277b118-58d9-4060-8dc5-a3b5898955cb&expiration_dates=2025-12-26&page_size=2000&state=active
1764399300991,SPY,,a538a0ba-d826-477c-8303-1c4d73cb707e,2025-12-26,27.711794,657,PUT,,,,,,,,,,,,,,https://api.robinhood.com/options/instruments/?chain_id=c277b118-58d9-4060-8dc5-a3b5898955cb&expiration_dates=2025-12-26&page_size=2000&state=active
1764399300991,SPY,,a9487fea-db9b-49d3-9e00-e265a6bcfbfa,2025-12-26,27.711794,657,CALL,,,,,,,,,,,,,,https://api.robinhood.com/options/instruments/?chain_id=c277b118-58d9-4060-8dc5-a3b5898955cb&expiration_dates=2025-12-26&page_size=2000&state=active
1764399300991,SPY,,53012c8a-7eaf-45d0-bfa2-3eaabfd0c2af,2025-12-26,27.711794,658,CALL,,,,,,,,,,,,,,https://api.robinhood.com/options/instruments/?chain_id=c277b118-58d9-4060-8dc5-a3b5898955cb&expiration_dates=2025-12-26&page_size=2000&state=active
1764399300991,SPY,,77640cd8-52bd-4be5-bd28-449a4490ea2d,2025-12-26,27.711794,658,PUT,,,,,,,,,,,,,,https://api.robinhood.com/options/instruments/?chain_id=c277b118-58d9-4060-8dc5-a3b5898955cb&expiration_dates=2025-12-26&page_size=2000&state=active
1764399300991,SPY,,87ea2af2-4a2f-4bb0-8d05-b57fa9e942cf,2025-12-26,27.711794,659,CALL,,,,,,,,,,,,,,https://api.robinhood.com/options/instruments/?chain_id=c277b118-58d9-4060-8dc5-a3b5898955cb&expiration_dates=2025-12-26&page_size=2000&state=active
1764399300991,SPY,,88fa0e0e-c072-4a13-8caf-09ec4e447307,2025-12-26,27.711794,659,PUT,,,,,,,,,,,,,,https://api.robinhood.com/options/instruments/?chain_id=c277b118-58d9-4060-8dc5-a3b5898955cb&expiration_dates=2025-12-26&page_size=2000&state=active
1764399300991,SPY,,27da227e-e471-4441-93eb-df208fae85ab,2025-12-26,27.711794,660,PUT,,,,,,,,,,,,,,https://api.robinhood.com/options/instruments/?chain_id=c277b118-58d9-4060-8dc5-a3b5898955cb&expiration_dates=2025-12-26&page_size=2000&state=active
1764399300991,SPY,,dd6d69da-72b7-4517-a870-ac552a2cc117,2025-12-26,27.711794,660,CALL,,,,,,,,,,,,,,https://api.robinhood.com/options/instruments/?chain_id=c277b118-58d9-4060-8dc5-a3b5898955cb&expiration_dates=2025-12-26&page_size=2000&state=active
1764399300991,SPY,,cfac3935-7745-445c-9ccf-43f74bdc6632,2025-12-26,27.711794,661,CALL,,,,,,,,,,,,,,https://api.robinhood.com/options/instruments/?chain_id=c277b118-58d9-4060-8dc5-a3b5898955cb&expiration_dates=2025-12-26&page_size=2000&state=active
1764399300991,SPY,,d85d01e7-e598-4771-a8fe-796dedc6a373,2025-12-26,27.711794,661,PUT,,,,,,,,,,,,,,https://api.robinhood.com/options/instruments/?chain_id=c277b118-58d9-4060-8dc5-a3b5898955cb&expiration_dates=2025-12-26&page_size=2000&state=active
1764399300991,SPY,,bf9c0247-5e06-4e3f-8a03-c0641bad0d6d,2025-12-26,27.711794,662,CALL,,,,,,,,,,,,,,https://api.robinhood.com/options/instruments/?chain_id=c277b118-58d9-4060-8dc5-a3b5898955cb&expiration_dates=2025-12-26&page_size=2000&state=active
1764399300991,SPY,,f0387155-da5c-420a-a868-d8911e678c90,2025-12-26,27.711794,662,PUT,,,,,,,,,,,,,,https://api.robinhood.com/options/instruments/?chain_id=c277b118-58d9-4060-8dc5-a3b5898955cb&expiration_dates=2025-12-26&page_size=2000&state=active
1764399300991,SPY,,ca192cbd-f546-4251-8930-6ebaab21a736,2025-12-26,27.711794,663,PUT,,,,,,,,,,,,,,https://api.robinhood.com/options/instruments/?chain_id=c277b118-58d9-4060-8dc5-a3b5898955cb&expiration_dates=2025-12-26&page_size=2000&state=active
1764399300991,SPY,,fb2f9576-c477-4ac8-8179-55174753872d,2025-12-26,27.711794,663,CALL,,,,,,,,,,,,,,https://api.robinhood.com/options/instruments/?chain_id=c277b118-58d9-4060-8dc5-a3b5898955cb&expiration_dates=2025-12-26&page_size=2000&state=active
1764399300991,SPY,,09a82b66-b0b5-498f-aa8f-b21751140208,2025-12-26,27.711794,664,PUT,,,,,,,,,,,,,,https://api.robinhood.com/options/instruments/?chain_id=c277b118-58d9-4060-8dc5-a3b5898955cb&expiration_dates=2025-12-26&page_size=2000&state=active
1764399300991,SPY,,6fe147e2-daee-4b9b-96f9-da095b6da0fb,2025-12-26,27.711794,664,CALL,,,,,,,,,,,,,,https://api.robinhood.com/options/instruments/?chain_id=c277b118-58d9-4060-8dc5-a3b5898955cb&expiration_dates=2025-12-26&page_size=2000&state=active
1764399300991,SPY,,5fb9e2e1-25cc-4b7d-87b7-cf3ffe8f9917,2025-12-26,27.711794,665,CALL,,,,,,,,,,,,,,https://api.robinhood.com/options/instruments/?chain_id=c277b118-58d9-4060-8dc5-a3b5898955cb&expiration_dates=2025-12-26&page_size=2000&state=active
1764399300991,SPY,,dadea794-52b0-41eb-963f-62872f8bebdc,2025-12-26,27.711794,665,PUT,,,,,,,,,,,,,,https://api.robinhood.com/options/instruments/?chain_id=c277b118-58d9-4060-8dc5-a3b5898955cb&expiration_dates=2025-12-26&page_size=2000&state=active
1764399300991,SPY,,1e8c7ed3-3fdc-4ebb-8a71-d53c6add1710,2025-12-26,27.711794,666,PUT,,,,,,,,,,,,,,https://api.robinhood.com/options/instruments/?chain_id=c277b118-58d9-4060-8dc5-a3b5898955cb&expiration_dates=2025-12-26&page_size=2000&state=active
1764399300991,SPY,,d137a26b-6c74-4789-8d54-8e3627e4c2a9,2025-12-26,27.711794,666,CALL,,,,,,,,,,,,,,https://api.robinhood.com/options/instruments/?chain_id=c277b118-58d9-4060-8dc5-a3b5898955cb&expiration_dates=2025-12-26&page_size=2000&state=active
1764399300991,SPY,,531c5be1-0738-46b0-8aaa-68009702dfdd,2025-12-26,27.711794,667,PUT,,,,,,,,,,,,,,https://api.robinhood.com/options/instruments/?chain_id=c277b118-58d9-4060-8dc5-a3b5898955cb&expiration_dates=2025-12-26&page_size=2000&state=active
1764399300991,SPY,,80037ea1-c439-4d7d-8fd0-08ac406af010,2025-12-26,27.711794,667,CALL,,,,,,,,,,,,,,https://api.robinhood.com/options/instruments/?chain_id=c277b118-58d9-4060-8dc5-a3b5898955cb&expiration_dates=2025-12-26&page_size=2000&state=active
1764399300991,SPY,,4ce0758e-7867-461c-ac3b-a18adb1b944a,2025-12-26,27.711794,668,PUT,,,,,,,,,,,,,,https://api.robinhood.com/options/instruments/?chain_id=c277b118-58d9-4060-8dc5-a3b5898955cb&expiration_dates=2025-12-26&page_size=2000&state=active
1764399300991,SPY,,7d5fb74c-3bcd-4a1f-8f5e-4f3b7d781dde,2025-12-26,27.711794,668,CALL,,,,,,,,,,,,,,https://api.robinhood.com/options/instruments/?chain_id=c277b118-58d9-4060-8dc5-a3b5898955cb&expiration_dates=2025-12-26&page_size=2000&state=active
1764399300991,SPY,,0dd08b25-effd-4fe9-8c91-9e1847fc30b3,2025-12-26,27.711794,669,CALL,,,,,,,,,,,,,,https://api.robinhood.com/options/instruments/?chain_id=c277b118-58d9-4060-8dc5-a3b5898955cb&expiration_dates=2025-12-26&page_size=2000&state=active
1764399300991,SPY,,ec6d1dc3-3c03-4dfc-bbda-ab431a21910a,2025-12-26,27.711794,669,PUT,,,,,,,,,,,,,,https://api.robinhood.com/options/instruments/?chain_id=c277b118-58d9-4060-8dc5-a3b5898955cb&expiration_dates=2025-12-26&page_size=2000&state=active
1764399300991,SPY,,19f562c1-c4a6-4afa-8f0d-53019f96da7e,2025-12-26,27.711794,670,PUT,,,,,,,,,,,,,,https://api.robinhood.com/options/instruments/?chain_id=c277b118-58d9-4060-8dc5-a3b5898955cb&expiration_dates=2025-12-26&page_size=2000&state=active
1764399300991,SPY,,58055c76-b970-4cf2-9b0c-f46131c12dc2,2025-12-26,27.711794,670,CALL,,,,,,,,,,,,,,https://api.robinhood.com/options/instruments/?chain_id=c277b118-58d9-4060-8dc5-a3b5898955cb&expiration_dates=2025-12-26&page_size=2000&state=active
1764399300991,SPY,,32bd55c4-0394-4c9f-89cf-96543ccaac7a,2025-12-26,27.711794,671,CALL,,,,,,,,,,,,,,https://api.robinhood.com/options/instruments/?chain_id=c277b118-58d9-4060-8dc5-a3b5898955cb&expiration_dates=2025-12-26&page_size=2000&state=active
1764399300991,SPY,,77593a53-4678-4f32-8eba-f8b116a63b55,2025-12-26,27.711794,671,PUT,,,,,,,,,,,,,,https://api.robinhood.com/options/instruments/?chain_id=c277b118-58d9-4060-8dc5-a3b5898955cb&expiration_dates=2025-12-26&page_size=2000&state=active
1764399300991,SPY,,3695eff0-b83e-47b0-b3e7-9fddd72bd07b,2025-12-26,27.711794,672,PUT,,,,,,,,,,,,,,https://api.robinhood.com/options/instruments/?chain_id=c277b118-58d9-4060-8dc5-a3b5898955cb&expiration_dates=2025-12-26&page_size=2000&state=active
1764399300991,SPY,,98eff8be-5546-4896-95ee-776cf109a21c,2025-12-26,27.711794,672,CALL,,,,,,,,,,,,,,https://api.robinhood.com/options/instruments/?chain_id=c277b118-58d9-4060-8dc5-a3b5898955cb&expiration_dates=2025-12-26&page_size=2000&state=active
1764399300991,SPY,,95693ac3-910d-413f-b200-5d7b62382ae4,2025-12-26,27.711794,673,PUT,,,,,,,,,,,,,,https://api.robinhood.com/options/instruments/?chain_id=c277b118-58d9-4060-8dc5-a3b5898955cb&expiration_dates=2025-12-26&page_size=2000&state=active
1764399300991,SPY,,ad2fcc86-75f9-4fc0-909f-5b3061e049b6,2025-12-26,27.711794,673,CALL,,,,,,,,,,,,,,https://api.robinhood.com/options/instruments/?chain_id=c277b118-58d9-4060-8dc5-a3b5898955cb&expiration_dates=2025-12-26&page_size=2000&state=active
1764399300991,SPY,,bd7b9794-0e74-43a5-a175-ef684b7e6ea0,2025-12-26,27.711794,674,CALL,,,,,,,,,,,,,,https://api.robinhood.com/options/instruments/?chain_id=c277b118-58d9-4060-8dc5-a3b5898955cb&expiration_dates=2025-12-26&page_size=2000&state=active
1764399300991,SPY,,d9ee9792-19f4-45c4-b73f-37683d2a645e,2025-12-26,27.711794,674,PUT,,,,,,,,,,,,,,https://api.robinhood.com/options/instruments/?chain_id=c277b118-58d9-4060-8dc5-a3b5898955cb&expiration_dates=2025-12-26&page_size=2000&state=active
1764399300991,SPY,,6d274da7-82aa-4f85-9bc9-9a4ace86ab77,2025-12-26,27.711794,675,CALL,,,,,,,,,,,,,,https://api.robinhood.com/options/instruments/?chain_id=c277b118-58d9-4060-8dc5-a3b5898955cb&expiration_dates=2025-12-26&page_size=2000&state=active
1764399300991,SPY,,e7aa6687-0a30-49da-b7b6-60c67826b1a8,2025-12-26,27.711794,675,PUT,,,,,,,,,,,,,,https://api.robinhood.com/options/instruments/?chain_id=c277b118-58d9-4060-8dc5-a3b5898955cb&expiration_dates=2025-12-26&page_size=2000&state=active
1764399300991,SPY,,006b8e64-e930-47cc-85e8-cb68cd47f60f,2025-12-26,27.711794,676,CALL,,,,,,,,,,,,,,https://api.robinhood.com/options/instruments/?chain_id=c277b118-58d9-4060-8dc5-a3b5898955cb&expiration_dates=2025-12-26&page_size=2000&state=active
1764399300991,SPY,,bf257558-dd17-49c9-aba4-7f5b43416049,2025-12-26,27.711794,676,PUT,,,,,,,,,,,,,,https://api.robinhood.com/options/instruments/?chain_id=c277b118-58d9-4060-8dc5-a3b5898955cb&expiration_dates=2025-12-26&page_size=2000&state=active
1764399300991,SPY,,95b754ef-ce52-451c-8197-51c133cb5018,2025-12-26,27.711794,677,PUT,,,,,,,,,,,,,,https://api.robinhood.com/options/instruments/?chain_id=c277b118-58d9-4060-8dc5-a3b5898955cb&expiration_dates=2025-12-26&page_size=2000&state=active
1764399300991,SPY,,ae54ba28-b6e5-4e77-b6f2-68c689e46287,2025-12-26,27.711794,677,CALL,,,,,,,,,,,,,,https://api.robinhood.com/options/instruments/?chain_id=c277b118-58d9-4060-8dc5-a3b5898955cb&expiration_dates=2025-12-26&page_size=2000&state=active
1764399300991,SPY,,6ca96015-0b34-4fe2-be23-f7f7721eae7a,2025-12-26,27.711794,678,CALL,,,,,,,,,,,,,,https://api.robinhood.com/options/instruments/?chain_id=c277b118-58d9-4060-8dc5-a3b5898955cb&expiration_dates=2025-12-26&page_size=2000&state=active
1764399300991,SPY,,b0a40e29-6473-4416-b9eb-3ade962720fb,2025-12-26,27.711794,678,PUT,,,,,,,,,,,,,,https://api.robinhood.com/options/instruments/?chain_id=c277b118-58d9-4060-8dc5-a3b5898955cb&expiration_dates=2025-12-26&page_size=2000&state=active
1764399300991,SPY,,0afe94c1-c3ef-4399-8648-867d454bce3e,2025-12-26,27.711794,679,CALL,,,,,,,,,,,,,,https://api.robinhood.com/options/instruments/?chain_id=c277b118-58d9-4060-8dc5-a3b5898955cb&expiration_dates=2025-12-26&page_size=2000&state=active
1764399300991,SPY,,233ff5a6-d300-45f3-b8dd-ebd8d28d7d79,2025-12-26,27.711794,679,PUT,,,,,,,,,,,,,,https://api.robinhood.com/options/instruments/?chain_id=c277b118-58d9-4060-8dc5-a3b5898955cb&expiration_dates=2025-12-26&page_size=2000&state=active
1764399300991,SPY,,22f98714-477e-495e-963f-673c5c054ed3,2025-12-26,27.711794,680,PUT,,,,,,,,,,,,,,https://api.robinhood.com/options/instruments/?chain_id=c277b118-58d9-4060-8dc5-a3b5898955cb&expiration_dates=2025-12-26&page_size=2000&state=active
1764399300991,SPY,,26e1e77d-70e9-484b-ac9c-88c23aa79186,2025-12-26,27.711794,680,CALL,,,,,,,,,,,,,,https://api.robinhood.com/options/instruments/?chain_id=c277b118-58d9-4060-8dc5-a3b5898955cb&expiration_dates=2025-12-26&page_size=2000&state=active
1764399300991,SPY,,23eef6ca-2ad4-45e3-8579-500f1143c238,2025-12-26,27.711794,681,CALL,,,,,,,,,,,,,,https://api.robinhood.com/options/instruments/?chain_id=c277b118-58d9-4060-8dc5-a3b5898955cb&expiration_dates=2025-12-26&page_size=2000&state=active
1764399300991,SPY,,334a8e92-a782-4f12-a586-4b256276d216,2025-12-26,27.711794,681,PUT,,,,,,,,,,,,,,https://api.robinhood.com/options/instruments/?chain_id=c277b118-58d9-4060-8dc5-a3b5898955cb&expiration_dates=2025-12-26&page_size=2000&state=active
1764399300991,SPY,,570d38d9-51fe-4d2c-9479-a8668f7b5eb2,2025-12-26,27.711794,682,CALL,,,,,,,,,,,,,,https://api.robinhood.com/options/instruments/?chain_id=c277b118-58d9-4060-8dc5-a3b5898955cb&expiration_dates=2025-12-26&page_size=2000&state=active
1764399300991,SPY,,c00cae96-6936-40a7-8dbc-a796befc2083,2025-12-26,27.711794,682,PUT,,,,,,,,,,,,,,https://api.robinhood.com/options/instruments/?chain_id=c277b118-58d9-4060-8dc5-a3b5898955cb&expiration_dates=2025-12-26&page_size=2000&state=active
1764399300991,SPY,,886c9982-b950-43a0-adce-05e022f3cd9b,2025-12-26,27.711794,683,PUT,,,,,,,,,,,,,,https://api.robinhood.com/options/instruments/?chain_id=c277b118-58d9-4060-8dc5-a3b5898955cb&expiration_dates=2025-12-26&page_size=2000&state=active
1764399300991,SPY,,8fdae77d-c15b-443a-abb5-b741cc7b276a,2025-12-26,27.711794,683,CALL,,,,,,,,,,,,,,https://api.robinhood.com/options/instruments/?chain_id=c277b118-58d9-4060-8dc5-a3b5898955cb&expiration_dates=2025-12-26&page_size=2000&state=active
1764399300991,SPY,,0fb359cc-59f3-45a5-8c1f-c8b3c78d6039,2025-12-26,27.711794,684,CALL,,,,,,,,,,,,,,https://api.robinhood.com/options/instruments/?chain_id=c277b118-58d9-4060-8dc5-a3b5898955cb&expiration_dates=2025-12-26&page_size=2000&state=active
1764399300991,SPY,,68f652dc-2385-4cf3-918a-cc8c8c132131,2025-12-26,27.711794,684,PUT,,,,,,,,,,,,,,https://api.robinhood.com/options/instruments/?chain_id=c277b118-58d9-4060-8dc5-a3b5898955cb&expiration_dates=2025-12-26&page_size=2000&state=active
1764399300991,SPY,,51a27135-8edb-4770-b9cd-af5b584e1257,2025-12-26,27.711794,685,PUT,,,,,,,,,,,,,,https://api.robinhood.com/options/instruments/?chain_id=c277b118-58d9-4060-8dc5-a3b5898955cb&expiration_dates=2025-12-26&page_size=2000&state=active
1764399300991,SPY,,b2aea3c5-dfeb-4661-864c-ddf57a2f079e,2025-12-26,27.711794,685,CALL,,,,,,,,,,,,,,https://api.robinhood.com/options/instruments/?chain_id=c277b118-58d9-4060-8dc5-a3b5898955cb&expiration_dates=2025-12-26&page_size=2000&state=active
1764399300991,SPY,,2bcadb46-848d-4bb3-9d7a-c2f29d71e287,2025-12-26,27.711794,686,CALL,,,,,,,,,,,,,,https://api.robinhood.com/options/instruments/?chain_id=c277b118-58d9-4060-8dc5-a3b5898955cb&expiration_dates=2025-12-26&page_size=2000&state=active
1764399300991,SPY,,2e9ef2c0-2f16-4fc0-b159-acb05daae810,2025-12-26,27.711794,686,PUT,,,,,,,,,,,,,,https://api.robinhood.com/options/instruments/?chain_id=c277b118-58d9-4060-8dc5-a3b5898955cb&expiration_dates=2025-12-26&page_size=2000&state=active
1764399300991,SPY,,8f98dcd3-a979-4377-b43d-2514905600f6,2025-12-26,27.711794,687,CALL,,,,,,,,,,,,,,https://api.robinhood.com/options/instruments/?chain_id=c277b118-58d9-4060-8dc5-a3b5898955cb&expiration_dates=2025-12-26&page_size=2000&state=active
1764399300991,SPY,,b4ac0e6d-9fd3-473c-b152-b700c3262903,2025-12-26,27.711794,687,PUT,,,,,,,,,,,,,,https://api.robinhood.com/options/instruments/?chain_id=c277b118-58d9-4060-8dc5-a3b5898955cb&expiration_dates=2025-12-26&page_size=2000&state=active
1764399300991,SPY,,5f22c115-7578-4ffb-b982-a71a936a295f,2025-12-26,27.711794,688,CALL,,,,,,,,,,,,,,https://api.robinhood.com/options/instruments/?chain_id=c277b118-58d9-4060-8dc5-a3b5898955cb&expiration_dates=2025-12-26&page_size=2000&state=active
1764399300991,SPY,,f13d0b04-1b1a-43e0-98ca-bfc3fb7f6a8a,2025-12-26,27.711794,688,PUT,,,,,,,,,,,,,,https://api.robinhood.com/options/instruments/?chain_id=c277b118-58d9-4060-8dc5-a3b5898955cb&expiration_dates=2025-12-26&page_size=2000&state=active
1764399300991,SPY,,4dbd49cc-1884-4922-a505-d0504b6286bf,2025-12-26,27.711794,689,PUT,,,,,,,,,,,,,,https://api.robinhood.com/options/instruments/?chain_id=c277b118-58d9-4060-8dc5-a3b5898955cb&expiration_dates=2025-12-26&page_size=2000&state=active
1764399300991,SPY,,f2856b81-c74a-4dc8-b247-64d3fe536232,2025-12-26,27.711794,689,CALL,,,,,,,,,,,,,,https://api.robinhood.com/options/instruments/?chain_id=c277b118-58d9-4060-8dc5-a3b5898955cb&expiration_dates=2025-12-26&page_size=2000&state=active
1764399300991,SPY,,6b96c402-fbd2-4b09-9631-a46d239c03db,2025-12-26,27.711794,690,PUT,,,,,,,,,,,,,,https://api.robinhood.com/options/instruments/?chain_id=c277b118-58d9-4060-8dc5-a3b5898955cb&expiration_dates=2025-12-26&page_size=2000&state=active
1764399300991,SPY,,b2aff1fe-801e-437b-8499-5ce7fe3f40a4,2025-12-26,27.711794,690,CALL,,,,,,,,,,,,,,https://api.robinhood.com/options/instruments/?chain_id=c277b118-58d9-4060-8dc5-a3b5898955cb&expiration_dates=2025-12-26&page_size=2000&state=active
1764399300991,SPY,,5d0cdeff-97e7-4bf2-884d-c38b3326eee6,2025-12-26,27.711794,691,CALL,,,,,,,,,,,,,,https://api.robinhood.com/options/instruments/?chain_id=c277b118-58d9-4060-8dc5-a3b5898955cb&expiration_dates=2025-12-26&page_size=2000&state=active
1764399300991,SPY,,5e8e280f-eea1-4b09-bfd1-fb1c8911fff9,2025-12-26,27.711794,691,PUT,,,,,,,,,,,,,,https://api.robinhood.com/options/instruments/?chain_id=c277b118-58d9-4060-8dc5-a3b5898955cb&expiration_dates=2025-12-26&page_size=2000&state=active
1764399300991,SPY,,9262812c-d0f0-4019-b61d-7ae9c95e3e7e,2025-12-26,27.711794,692,PUT,,,,,,,,,,,,,,https://api.robinhood.com/options/instruments/?chain_id=c277b118-58d9-4060-8dc5-a3b5898955cb&expiration_dates=2025-12-26&page_size=2000&state=active
1764399300991,SPY,,eb07eace-bfff-4b01-ae50-a04a92405b4c,2025-12-26,27.711794,692,CALL,,,,,,,,,,,,,,https://api.robinhood.com/options/instruments/?chain_id=c277b118-58d9-4060-8dc5-a3b5898955cb&expiration_dates=2025-12-26&page_size=2000&state=active
1764399300991,SPY,,187ff81d-a772-4da9-b372-a5ac974f07ae,2025-12-26,27.711794,693,PUT,,,,,,,,,,,,,,https://api.robinhood.com/options/instruments/?chain_id=c277b118-58d9-4060-8dc5-a3b5898955cb&expiration_dates=2025-12-26&page_size=2000&state=active
1764399300991,SPY,,6cb4ce0b-8839-485b-a9fe-60d85d13435a,2025-12-26,27.711794,693,CALL,,,,,,,,,,,,,,https://api.robinhood.com/options/instruments/?chain_id=c277b118-58d9-4060-8dc5-a3b5898955cb&expiration_dates=2025-12-26&page_size=2000&state=active
1764399300991,SPY,,0b67b6fe-c8ce-4907-8fb2-fe905fdae397,2025-12-26,27.711794,694,PUT,,,,,,,,,,,,,,https://api.robinhood.com/options/instruments/?chain_id=c277b118-58d9-4060-8dc5-a3b5898955cb&expiration_dates=2025-12-26&page_size=2000&state=active
1764399300991,SPY,,6cc98d3b-2f6f-4abb-849e-3617f6c859f2,2025-12-26,27.711794,694,CALL,,,,,,,,,,,,,,https://api.robinhood.com/options/instruments/?chain_id=c277b118-58d9-4060-8dc5-a3b5898955cb&expiration_dates=2025-12-26&page_size=2000&state=active
1764399300991,SPY,,acce6e22-ba5f-4c28-8360-3a86d0cb5c6d,2025-12-26,27.711794,695,PUT,,,,,,,,,,,,,,https://api.robinhood.com/options/instruments/?chain_id=c277b118-58d9-4060-8dc5-a3b5898955cb&expiration_dates=2025-12-26&page_size=2000&state=active
1764399300991,SPY,,bad97c2e-0844-4e0f-bc53-865ac0ae3159,2025-12-26,27.711794,695,CALL,,,,,,,,,,,,,,https://api.robinhood.com/options/instruments/?chain_id=c277b118-58d9-4060-8dc5-a3b5898955cb&expiration_dates=2025-12-26&page_size=2000&state=active
1764399300991,SPY,,40d65716-780b-45e2-923d-6d997011d8a2,2025-12-26,27.711794,696,PUT,,,,,,,,,,,,,,https://api.robinhood.com/options/instruments/?chain_id=c277b118-58d9-4060-8dc5-a3b5898955cb&expiration_dates=2025-12-26&page_size=2000&state=active
1764399300991,SPY,,4b0ba705-52cb-4123-806b-f507ed85fa24,2025-12-26,27.711794,696,CALL,,,,,,,,,,,,,,https://api.robinhood.com/options/instruments/?chain_id=c277b118-58d9-4060-8dc5-a3b5898955cb&expiration_dates=2025-12-26&page_size=2000&state=active
1764399300991,SPY,,590a0d24-e976-4b3c-ba32-d173bfdb5048,2025-12-26,27.711794,697,CALL,,,,,,,,,,,,,,https://api.robinhood.com/options/instruments/?chain_id=c277b118-58d9-4060-8dc5-a3b5898955cb&expiration_dates=2025-12-26&page_size=2000&state=active
1764399300991,SPY,,be72da68-2200-44c2-b3fb-f6a4de04db14,2025-12-26,27.711794,697,PUT,,,,,,,,,,,,,,https://api.robinhood.com/options/instruments/?chain_id=c277b118-58d9-4060-8dc5-a3b5898955cb&expiration_dates=2025-12-26&page_size=2000&state=active
1764399300991,SPY,,0789f560-9d2a-4421-8c99-74273a9b6c7a,2025-12-26,27.711794,698,CALL,,,,,,,,,,,,,,https://api.robinhood.com/options/instruments/?chain_id=c277b118-58d9-4060-8dc5-a3b5898955cb&expiration_dates=2025-12-26&page_size=2000&state=active
1764399300991,SPY,,258d93c5-e150-428f-b760-940915657ba5,2025-12-26,27.711794,698,PUT,,,,,,,,,,,,,,https://api.robinhood.com/options/instruments/?chain_id=c277b118-58d9-4060-8dc5-a3b5898955cb&expiration_dates=2025-12-26&page_size=2000&state=active
1764399300991,SPY,,9acd3079-3dc1-4460-b129-e194fe3bcd68,2025-12-26,27.711794,699,PUT,,,,,,,,,,,,,,https://api.robinhood.com/options/instruments/?chain_id=c277b118-58d9-4060-8dc5-a3b5898955cb&expiration_dates=2025-12-26&page_size=2000&state=active
1764399300991,SPY,,ad4298e7-1abe-4437-8009-eb6b86057bfb,2025-12-26,27.711794,699,CALL,,,,,,,,,,,,,,https://api.robinhood.com/options/instruments/?chain_id=c277b118-58d9-4060-8dc5-a3b5898955cb&expiration_dates=2025-12-26&page_size=2000&state=active
1764399300991,SPY,,950afca9-30e9-4b91-a17b-32dae04c4543,2025-12-26,27.711794,700,CALL,,,,,,,,,,,,,,https://api.robinhood.com/options/instruments/?chain_id=c277b118-58d9-4060-8dc5-a3b5898955cb&expiration_dates=2025-12-26&page_size=2000&state=active
1764399300991,SPY,,a83a1bf1-2154-420f-8a14-e6783d9423a2,2025-12-26,27.711794,700,PUT,,,,,,,,,,,,,,https://api.robinhood.com/options/instruments/?chain_id=c277b118-58d9-4060-8dc5-a3b5898955cb&expiration_dates=2025-12-26&page_size=2000&state=active
1764399300991,SPY,,8aa11923-5642-495d-80f4-a33731bd1d97,2025-12-26,27.711794,701,PUT,,,,,,,,,,,,,,https://api.robinhood.com/options/instruments/?chain_id=c277b118-58d9-4060-8dc5-a3b5898955cb&expiration_dates=2025-12-26&page_size=2000&state=active
1764399300991,SPY,,bdf7c42d-cdd0-45fd-bfaa-4188cf736468,2025-12-26,27.711794,701,CALL,,,,,,,,,,,,,,https://api.robinhood.com/options/instruments/?chain_id=c277b118-58d9-4060-8dc5-a3b5898955cb&expiration_dates=2025-12-26&page_size=2000&state=active
1764399300991,SPY,,178e7648-41ee-467b-8e7e-0e8acf36f612,2025-12-26,27.711794,702,PUT,,,,,,,,,,,,,,https://api.robinhood.com/options/instruments/?chain_id=c277b118-58d9-4060-8dc5-a3b5898955cb&expiration_dates=2025-12-26&page_size=2000&state=active
1764399300991,SPY,,b2b91c11-0e71-4fff-a190-b26cca8c147b,2025-12-26,27.711794,702,CALL,,,,,,,,,,,,,,https://api.robinhood.com/options/instruments/?chain_id=c277b118-58d9-4060-8dc5-a3b5898955cb&expiration_dates=2025-12-26&page_size=2000&state=active
1764399300991,SPY,,398c2668-59c6-47d4-9a7e-01b192081485,2025-12-26,27.711794,703,PUT,,,,,,,,,,,,,,https://api.robinhood.com/options/instruments/?chain_id=c277b118-58d9-4060-8dc5-a3b5898955cb&expiration_dates=2025-12-26&page_size=2000&state=active
1764399300991,SPY,,b03be1d8-0528-4b70-8e5e-91c67a6dada1,2025-12-26,27.711794,703,CALL,,,,,,,,,,,,,,https://api.robinhood.com/options/instruments/?chain_id=c277b118-58d9-4060-8dc5-a3b5898955cb&expiration_dates=2025-12-26&page_size=2000&state=active
1764399300991,SPY,,714f2c20-f8dc-4989-9b81-f69d06392f4e,2025-12-26,27.711794,704,CALL,,,,,,,,,,,,,,https://api.robinhood.com/options/instruments/?chain_id=c277b118-58d9-4060-8dc5-a3b5898955cb&expiration_dates=2025-12-26&page_size=2000&state=active
1764399300991,SPY,,ed7c950a-32ec-4c57-8bda-9386f88e26b0,2025-12-26,27.711794,704,PUT,,,,,,,,,,,,,,https://api.robinhood.com/options/instruments/?chain_id=c277b118-58d9-4060-8dc5-a3b5898955cb&expiration_dates=2025-12-26&page_size=2000&state=active
1764399300991,SPY,,2fb4f20a-bbc8-4c79-9f77-dff776c50a10,2025-12-26,27.711794,705,CALL,,,,,,,,,,,,,,https://api.robinhood.com/options/instruments/?chain_id=c277b118-58d9-4060-8dc5-a3b5898955cb&expiration_dates=2025-12-26&page_size=2000&state=active
1764399300991,SPY,,ffa73f1e-8c4c-469d-9b95-425c307968de,2025-12-26,27.711794,705,PUT,,,,,,,,,,,,,,https://api.robinhood.com/options/instruments/?chain_id=c277b118-58d9-4060-8dc5-a3b5898955cb&expiration_dates=2025-12-26&page_size=2000&state=active
1764399300991,SPY,,11f67691-fd9e-4da4-82ba-dc003272019d,2025-12-26,27.711794,706,CALL,,,,,,,,,,,,,,https://api.robinhood.com/options/instruments/?chain_id=c277b118-58d9-4060-8dc5-a3b5898955cb&expiration_dates=2025-12-26&page_size=2000&state=active
1764399300991,SPY,,bcd9be4d-2ecf-4b7a-9b0c-4a669c2d72bd,2025-12-26,27.711794,706,PUT,,,,,,,,,,,,,,https://api.robinhood.com/options/instruments/?chain_id=c277b118-58d9-4060-8dc5-a3b5898955cb&expiration_dates=2025-12-26&page_size=2000&state=active
1764399300991,SPY,,09579b56-4c40-43bb-ac41-d95331cf362a,2025-12-26,27.711794,707,PUT,,,,,,,,,,,,,,https://api.robinhood.com/options/instruments/?chain_id=c277b118-58d9-4060-8dc5-a3b5898955cb&expiration_dates=2025-12-26&page_size=2000&state=active
1764399300991,SPY,,62661527-5ec1-4ee2-9e1f-b04f77b2f2ac,2025-12-26,27.711794,707,CALL,,,,,,,,,,,,,,https://api.robinhood.com/options/instruments/?chain_id=c277b118-58d9-4060-8dc5-a3b5898955cb&expiration_dates=2025-12-26&page_size=2000&state=active
1764399300991,SPY,,e532dd78-a1ec-4389-8949-6f37bcc41e47,2025-12-26,27.711794,708,PUT,,,,,,,,,,,,,,https://api.robinhood.com/options/instruments/?chain_id=c277b118-58d9-4060-8dc5-a3b5898955cb&expiration_dates=2025-12-26&page_size=2000&state=active
1764399300991,SPY,,f06e0a56-debb-4e60-aa0b-00f9194f5e85,2025-12-26,27.711794,708,CALL,,,,,,,,,,,,,,https://api.robinhood.com/options/instruments/?chain_id=c277b118-58d9-4060-8dc5-a3b5898955cb&expiration_dates=2025-12-26&page_size=2000&state=active
1764399300991,SPY,,312c9d39-b229-41ba-84ac-c969a169d2ee,2025-12-26,27.711794,709,CALL,,,,,,,,,,,,,,https://api.robinhood.com/options/instruments/?chain_id=c277b118-58d9-4060-8dc5-a3b5898955cb&expiration_dates=2025-12-26&page_size=2000&state=active
1764399300991,SPY,,68299d3b-8fe1-42d8-92a5-8effa795c618,2025-12-26,27.711794,709,PUT,,,,,,,,,,,,,,https://api.robinhood.com/options/instruments/?chain_id=c277b118-58d9-4060-8dc5-a3b5898955cb&expiration_dates=2025-12-26&page_size=2000&state=active
1764399300991,SPY,,c991aa4d-a864-4f00-93c3-e9130fc63407,2025-12-26,27.711794,710,CALL,,,,,,,,,,,,,,https://api.robinhood.com/options/instruments/?chain_id=c277b118-58d9-4060-8dc5-a3b5898955cb&expiration_dates=2025-12-26&page_size=2000&state=active
1764399300991,SPY,,df0c630f-a6a3-40c9-8f8b-29c7f54b61a0,2025-12-26,27.711794,710,PUT,,,,,,,,,,,,,,https://api.robinhood.com/options/instruments/?chain_id=c277b118-58d9-4060-8dc5-a3b5898955cb&expiration_dates=2025-12-26&page_size=2000&state=active
1764399300991,SPY,,71c66d03-4faa-4de8-8b70-0116a7af0a53,2025-12-26,27.711794,715,PUT,,,,,,,,,,,,,,https://api.robinhood.com/options/instruments/?chain_id=c277b118-58d9-4060-8dc5-a3b5898955cb&expiration_dates=2025-12-26&page_size=2000&state=active
1764399300991,SPY,,fdb88695-5e15-46c3-8d4d-5f5e67e1c360,2025-12-26,27.711794,715,CALL,,,,,,,,,,,,,,https://api.robinhood.com/options/instruments/?chain_id=c277b118-58d9-4060-8dc5-a3b5898955cb&expiration_dates=2025-12-26&page_size=2000&state=active
1764399300991,SPY,,a841b97c-c11e-48d3-8542-c08c08e9a52e,2025-12-26,27.711794,720,PUT,,,,,,,,,,,,,,https://api.robinhood.com/options/instruments/?chain_id=c277b118-58d9-4060-8dc5-a3b5898955cb&expiration_dates=2025-12-26&page_size=2000&state=active
1764399300991,SPY,,c3d1aeca-9371-4a0e-a51a-db2674ec5715,2025-12-26,27.711794,720,CALL,,,,,,,,,,,,,,https://api.robinhood.com/options/instruments/?chain_id=c277b118-58d9-4060-8dc5-a3b5898955cb&expiration_dates=2025-12-26&page_size=2000&state=active
1764399300991,SPY,,5ddfed4b-4ad9-466b-96a1-ad38564815dc,2025-12-26,27.711794,725,CALL,,,,,,,,,,,,,,https://api.robinhood.com/options/instruments/?chain_id=c277b118-58d9-4060-8dc5-a3b5898955cb&expiration_dates=2025-12-26&page_size=2000&state=active
1764399300991,SPY,,b68a3f64-4080-4dd2-9631-b14ecba25e5d,2025-12-26,27.711794,725,PUT,,,,,,,,,,,,,,https://api.robinhood.com/options/instruments/?chain_id=c277b118-58d9-4060-8dc5-a3b5898955cb&expiration_dates=2025-12-26&page_size=2000&state=active
1764399300991,SPY,,03bfb163-d3e5-475c-8db9-40c59ba657dd,2025-12-26,27.711794,730,PUT,,,,,,,,,,,,,,https://api.robinhood.com/options/instruments/?chain_id=c277b118-58d9-4060-8dc5-a3b5898955cb&expiration_dates=2025-12-26&page_size=2000&state=active
1764399300991,SPY,,cce96adb-b64b-4b37-b855-29bd94b26be0,2025-12-26,27.711794,730,CALL,,,,,,,,,,,,,,https://api.robinhood.com/options/instruments/?chain_id=c277b118-58d9-4060-8dc5-a3b5898955cb&expiration_dates=2025-12-26&page_size=2000&state=active
1764399300991,SPY,,57714d6e-462b-409b-b665-590015bcd8cf,2025-12-26,27.711794,735,CALL,,,,,,,,,,,,,,https://api.robinhood.com/options/instruments/?chain_id=c277b118-58d9-4060-8dc5-a3b5898955cb&expiration_dates=2025-12-26&page_size=2000&state=active
1764399300991,SPY,,fc1898b6-5ef8-4309-9fa3-ed91377303c1,2025-12-26,27.711794,735,PUT,,,,,,,,,,,,,,https://api.robinhood.com/options/instruments/?chain_id=c277b118-58d9-4060-8dc5-a3b5898955cb&expiration_dates=2025-12-26&page_size=2000&state=active
1764399300991,SPY,,009744ea-b268-44a6-9c3d-52b66e540030,2025-12-26,27.711794,740,CALL,,,,,,,,,,,,,,https://api.robinhood.com/options/instruments/?chain_id=c277b118-58d9-4060-8dc5-a3b5898955cb&expiration_dates=2025-12-26&page_size=2000&state=active
1764399300991,SPY,,26fd265f-243c-4a60-b79f-bbc12bf023aa,2025-12-26,27.711794,740,PUT,,,,,,,,,,,,,,https://api.robinhood.com/options/instruments/?chain_id=c277b118-58d9-4060-8dc5-a3b5898955cb&expiration_dates=2025-12-26&page_size=2000&state=active
1764399300991,SPY,,63ee5293-f1cb-497c-ae67-f45935efb977,2025-12-26,27.711794,745,CALL,,,,,,,,,,,,,,https://api.robinhood.com/options/instruments/?chain_id=c277b118-58d9-4060-8dc5-a3b5898955cb&expiration_dates=2025-12-26&page_size=2000&state=active
1764399300991,SPY,,cd162330-fc54-4e92-a55e-67b65b1f239e,2025-12-26,27.711794,745,PUT,,,,,,,,,,,,,,https://api.robinhood.com/options/instruments/?chain_id=c277b118-58d9-4060-8dc5-a3b5898955cb&expiration_dates=2025-12-26&page_size=2000&state=active
1764399300991,SPY,,740baa91-80c9-4775-b9eb-7aa2a1491dcd,2025-12-26,27.711794,750,CALL,,,,,,,,,,,,,,https://api.robinhood.com/options/instruments/?chain_id=c277b118-58d9-4060-8dc5-a3b5898955cb&expiration_dates=2025-12-26&page_size=2000&state=active
1764399300991,SPY,,87f9d57e-61b4-4e98-a7b7-f6d18c3f80ee,2025-12-26,27.711794,750,PUT,,,,,,,,,,,,,,https://api.robinhood.com/options/instruments/?chain_id=c277b118-58d9-4060-8dc5-a3b5898955cb&expiration_dates=2025-12-26&page_size=2000&state=active
1764399300991,SPY,,3e27fffb-311e-4068-b8a9-3589cb506031,2025-12-26,27.711794,755,CALL,,,,,,,,,,,,,,https://api.robinhood.com/options/instruments/?chain_id=c277b118-58d9-4060-8dc5-a3b5898955cb&expiration_dates=2025-12-26&page_size=2000&state=active
1764399300991,SPY,,5dc90d08-dcbb-423f-bebb-6dabbdadc119,2025-12-26,27.711794,755,PUT,,,,,,,,,,,,,,https://api.robinhood.com/options/instruments/?chain_id=c277b118-58d9-4060-8dc5-a3b5898955cb&expiration_dates=2025-12-26&page_size=2000&state=active
1764399300991,SPY,,142e3cd2-caa7-4104-94d6-94e93300b752,2025-12-26,27.711794,760,CALL,,,,,,,,,,,,,,https://api.robinhood.com/options/instruments/?chain_id=c277b118-58d9-4060-8dc5-a3b5898955cb&expiration_dates=2025-12-26&page_size=2000&state=active
1764399300991,SPY,,762632cd-13ba-4dd6-aede-a3be132e80ec,2025-12-26,27.711794,760,PUT,,,,,,,,,,,,,,https://api.robinhood.com/options/instruments/?chain_id=c277b118-58d9-4060-8dc5-a3b5898955cb&expiration_dates=2025-12-26&page_size=2000&state=active
1764399300991,SPY,,823211a8-abd6-4000-ad1d-64fcea4be9c1,2025-12-26,27.711794,765,CALL,,,,,,,,,,,,,,https://api.robinhood.com/options/instruments/?chain_id=c277b118-58d9-4060-8dc5-a3b5898955cb&expiration_dates=2025-12-26&page_size=2000&state=active
1764399300991,SPY,,f8c1489a-81a0-4f25-b45a-92fd20c802f2,2025-12-26,27.711794,765,PUT,,,,,,,,,,,,,,https://api.robinhood.com/options/instruments/?chain_id=c277b118-58d9-4060-8dc5-a3b5898955cb&expiration_dates=2025-12-26&page_size=2000&state=active
1764399300991,SPY,,a9ce2c01-9f72-411d-9aa3-27b38f1c66eb,2025-12-26,27.711794,770,PUT,,,,,,,,,,,,,,https://api.robinhood.com/options/instruments/?chain_id=c277b118-58d9-4060-8dc5-a3b5898955cb&expiration_dates=2025-12-26&page_size=2000&state=active
1764399300991,SPY,,accaad57-c6c6-4b4f-9cab-a4cded923a36,2025-12-26,27.711794,770,CALL,,,,,,,,,,,,,,https://api.robinhood.com/options/instruments/?chain_id=c277b118-58d9-4060-8dc5-a3b5898955cb&expiration_dates=2025-12-26&page_size=2000&state=active
1764399300991,SPY,,9336f066-a60d-4958-b2a4-d719bd3a7912,2025-12-26,27.711794,775,CALL,,,,,,,,,,,,,,https://api.robinhood.com/options/instruments/?chain_id=c277b118-58d9-4060-8dc5-a3b5898955cb&expiration_dates=2025-12-26&page_size=2000&state=active
1764399300991,SPY,,f9db3b95-7ba2-463f-811a-40fa829733dc,2025-12-26,27.711794,775,PUT,,,,,,,,,,,,,,https://api.robinhood.com/options/instruments/?chain_id=c277b118-58d9-4060-8dc5-a3b5898955cb&expiration_dates=2025-12-26&page_size=2000&state=active
1764399300991,SPY,,44ec303e-100b-4d38-9925-770c0cdced6f,2025-12-26,27.711794,780,PUT,,,,,,,,,,,,,,https://api.robinhood.com/options/instruments/?chain_id=c277b118-58d9-4060-8dc5-a3b5898955cb&expiration_dates=2025-12-26&page_size=2000&state=active
1764399300991,SPY,,f6808459-ff19-4bc6-9f1b-6f47112cb079,2025-12-26,27.711794,780,CALL,,,,,,,,,,,,,,https://api.robinhood.com/options/instruments/?chain_id=c277b118-58d9-4060-8dc5-a3b5898955cb&expiration_dates=2025-12-26&page_size=2000&state=active
1764399300991,SPY,,a746b5b4-7855-45cb-a736-b24b6524d76d,2025-12-26,27.711794,785,CALL,,,,,,,,,,,,,,https://api.robinhood.com/options/instruments/?chain_id=c277b118-58d9-4060-8dc5-a3b5898955cb&expiration_dates=2025-12-26&page_size=2000&state=active
1764399300991,SPY,,b72bdbe3-ab1d-465b-b3d1-721dcc939d47,2025-12-26,27.711794,785,PUT,,,,,,,,,,,,,,https://api.robinhood.com/options/instruments/?chain_id=c277b118-58d9-4060-8dc5-a3b5898955cb&expiration_dates=2025-12-26&page_size=2000&state=active
1764399300991,SPY,,bead4cfa-4c09-49fa-9018-0410ae228b67,2025-12-26,27.711794,790,CALL,,,,,,,,,,,,,,https://api.robinhood.com/options/instruments/?chain_id=c277b118-58d9-4060-8dc5-a3b5898955cb&expiration_dates=2025-12-26&page_size=2000&state=active
1764399300991,SPY,,e82d763a-f748-4fdb-8d44-8a2c95bf4395,2025-12-26,27.711794,790,PUT,,,,,,,,,,,,,,https://api.robinhood.com/options/instruments/?chain_id=c277b118-58d9-4060-8dc5-a3b5898955cb&expiration_dates=2025-12-26&page_size=2000&state=active
1764399300991,SPY,,304b88d6-b7de-4394-9bda-c7e79a20b7be,2025-12-26,27.711794,795,CALL,,,,,,,,,,,,,,https://api.robinhood.com/options/instruments/?chain_id=c277b118-58d9-4060-8dc5-a3b5898955cb&expiration_dates=2025-12-26&page_size=2000&state=active
1764399300991,SPY,,c042612c-a46d-4f51-a834-9f247885a2cb,2025-12-26,27.711794,795,PUT,,,,,,,,,,,,,,https://api.robinhood.com/options/instruments/?chain_id=c277b118-58d9-4060-8dc5-a3b5898955cb&expiration_dates=2025-12-26&page_size=2000&state=active
1764399300991,SPY,,2264f7c3-d063-4235-9228-569536fa0306,2025-12-26,27.711794,800,CALL,,,,,,,,,,,,,,https://api.robinhood.com/options/instruments/?chain_id=c277b118-58d9-4060-8dc5-a3b5898955cb&expiration_dates=2025-12-26&page_size=2000&state=active
1764399300991,SPY,,bcc13717-e1e6-477a-b3c5-3dd3cb24ad35,2025-12-26,27.711794,800,PUT,,,,,,,,,,,,,,https://api.robinhood.com/options/instruments/?chain_id=c277b118-58d9-4060-8dc5-a3b5898955cb&expiration_dates=2025-12-26&page_size=2000&state=active
